[{"fields": {"salario": 1954033, "departamento": "Cundinamarca", "direccion": "Av. Calle 26 No. 92 \u2013 32 Edificio G3 ", "ciudad": "Bogot\u00e1 DC", "cargo_representante": "Regional Finance Director    ", "tn_id": 657564, "nombre": "SABMiller", "correo_representante": "duane.birkholtz@bav.sabmiller.com", "telefono": "3445700", "nombre_representante": "Duane Birkholtz", "NIT": ""}, "model": "fileManager.empresa", "pk": 1}, {"fields": {"username": "maria", "first_name": "", "last_name": "", "is_active": true, "is_superuser": true, "is_staff": true, "last_login": "2015-12-04T00:48:31.201Z", "groups": [], "user_permissions": [], "password": "pbkdf2_sha256$20000$lUAc9oWPmPIc$haBd2BCIMBFxtknArDmjWnlghcNVOunv/lYTfMYhgyQ=", "email": "maria.cubillos@aiesec.net", "date_joined": "2015-08-12T22:01:00.026Z"}, "model": "auth.user", "pk": 1}, {"fields": {"username": "testMiller", "first_name": "", "last_name": "", "is_active": true, "is_superuser": false, "is_staff": false, "last_login": "2015-12-01T23:43:44.679Z", "groups": [], "user_permissions": [], "password": "pbkdf2_sha256$20000$elDFFqYQUfi7$6GrYinD4R4DMI5lM81il52ewdAPghu8DX8n/hXcLaXI=", "email": "", "date_joined": "2015-08-13T10:10:00.538Z"}, "model": "auth.user", "pk": 104}, {"fields": {"username": "SABMiller", "first_name": "Saurabh ", "last_name": "Bhatia", "is_active": true, "is_superuser": false, "is_staff": true, "last_login": "2015-11-27T13:51:14.151Z", "groups": [], "user_permissions": [], "password": "pbkdf2_sha256$20000$aCwHUN5bc7v8$Ihx57jGotFZ3UL/9yiMBlluNjpuJi4Wf336/adjJ71o=", "email": "saurabh.Bhatia@la.sabmiller.com", "date_joined": "2015-09-24T15:38:00Z"}, "model": "auth.user", "pk": 373}, {"fields": {"username": "karen.carolina14", "first_name": "", "last_name": "", "is_active": false, "is_superuser": false, "is_staff": false, "last_login": null, "groups": [], "user_permissions": [], "password": "pbkdf2_sha256$20000$zvTUGhNqPnen$nX4DLqTxOdMQAecNaJiXdyaveJAz3V2+b9mMJQpNQX8=", "email": "karen.carolina14@gmail.com", "date_joined": "2015-10-01T16:16:04.075Z"}, "model": "auth.user", "pk": 428}, {"fields": {"username": "estevan_hara", "first_name": "", "last_name": "", "is_active": false, "is_superuser": false, "is_staff": false, "last_login": null, "groups": [], "user_permissions": [], "password": "pbkdf2_sha256$20000$pf5UKZNbezji$26OlUnKCXQYJ1RvmFLusnSvud77d5n7IiQCgFSb11Po=", "email": "estevan_hara@id.uff.br", "date_joined": "2015-10-01T16:16:04.956Z"}, "model": "auth.user", "pk": 429}, {"fields": {"username": "joice.petry", "first_name": "", "last_name": "", "is_active": false, "is_superuser": false, "is_staff": false, "last_login": null, "groups": [], "user_permissions": [], "password": "pbkdf2_sha256$20000$cykjLpBLVwhI$rd9EECt5GiMTEAaDV7k3N1uof8b7u/8DH2vquNNbcJk=", "email": "joice.petry@gmail.com", "date_joined": "2015-10-01T16:16:06.413Z"}, "model": "auth.user", "pk": 430}, {"fields": {"username": "gabrielst", "first_name": "", "last_name": "", "is_active": false, "is_superuser": false, "is_staff": false, "last_login": null, "groups": [], "user_permissions": [], "password": "pbkdf2_sha256$20000$kLnpQaumrXSh$bXdb2hg+s5HSNLgmgPx7BxnvreNGsyRWUnwjMfz31oo=", "email": "gabrielst@al.insper.edu.br", "date_joined": "2015-10-01T16:16:06.865Z"}, "model": "auth.user", "pk": 431}, {"fields": {"username": "oscareon87", "first_name": "", "last_name": "", "is_active": false, "is_superuser": false, "is_staff": false, "last_login": null, "groups": [], "user_permissions": [], "password": "pbkdf2_sha256$20000$AGo5kF6q6ZaB$vwO3elRrYKNk277kA+m+uyRXjePZr/dUirlu86quFeg=", "email": "oscareon87@gmail.com", "date_joined": "2015-10-01T16:16:07.518Z"}, "model": "auth.user", "pk": 432}, {"fields": {"username": "jptqarneitz", "first_name": "", "last_name": "", "is_active": false, "is_superuser": false, "is_staff": false, "last_login": null, "groups": [], "user_permissions": [], "password": "pbkdf2_sha256$20000$t0pNr3q7W1Dq$Vav0EcKa13pco2WakUGyC1Ed1thlEh7FX4VcwIB34tY=", "email": "jptqarneitz@hotmail.com", "date_joined": "2015-10-01T16:16:08.180Z"}, "model": "auth.user", "pk": 433}, {"fields": {"username": "manuelmcmcv", "first_name": "", "last_name": "", "is_active": false, "is_superuser": false, "is_staff": false, "last_login": null, "groups": [], "user_permissions": [], "password": "pbkdf2_sha256$20000$GscF3kAptAdS$ZvY8fbyzWy4voEn37F+I0ADOFmXIBmz99TLtWnE4ops=", "email": "manuelmcmcv@gmail.com", "date_joined": "2015-10-01T16:16:09.263Z"}, "model": "auth.user", "pk": 434}, {"fields": {"username": "karlarcl", "first_name": "", "last_name": "", "is_active": false, "is_superuser": false, "is_staff": false, "last_login": null, "groups": [], "user_permissions": [], "password": "pbkdf2_sha256$20000$YMcgtsFQZ1iI$pkFLZ32kSDUxWTLKDIU2e1WeeVehZ2r3c+WBW8u4HV0=", "email": "karlarcl@hotmail.co.uk", "date_joined": "2015-10-01T16:16:10.481Z"}, "model": "auth.user", "pk": 435}, {"fields": {"username": "mcsa06", "first_name": "", "last_name": "", "is_active": false, "is_superuser": false, "is_staff": false, "last_login": null, "groups": [], "user_permissions": [], "password": "pbkdf2_sha256$20000$ghiFQ6eALrNN$LRxJ6SBS/F4mDaxknmfD1etE3b2VNsCYKDR966V97Vg=", "email": "mcsa06@hotmail.com", "date_joined": "2015-10-01T16:16:11.549Z"}, "model": "auth.user", "pk": 436}, {"fields": {"username": "milanesi", "first_name": "", "last_name": "", "is_active": false, "is_superuser": false, "is_staff": false, "last_login": null, "groups": [], "user_permissions": [], "password": "pbkdf2_sha256$20000$C8oLc2EOKXMo$kOcvtNoq5qPraag6f9LLCeL0ZkW/VcgEKxn0o3ExhpU=", "email": "milanesi@live.it", "date_joined": "2015-10-01T16:16:12.457Z"}, "model": "auth.user", "pk": 437}, {"fields": {"username": "melneliene", "first_name": "", "last_name": "", "is_active": false, "is_superuser": false, "is_staff": false, "last_login": null, "groups": [], "user_permissions": [], "password": "pbkdf2_sha256$20000$kxuJbbhgtDHQ$4v2gzaEKORx/As8I4ADZZncZ3PE+g7wcU7s58lIijGE=", "email": "melneliene@gmail.com", "date_joined": "2015-10-01T16:16:13.282Z"}, "model": "auth.user", "pk": 438}, {"fields": {"username": "09100213", "first_name": "", "last_name": "", "is_active": false, "is_superuser": false, "is_staff": false, "last_login": null, "groups": [], "user_permissions": [], "password": "pbkdf2_sha256$20000$qtC6BDCMtchy$LdV0GJaZjZ0Ue0I/fpKZDfKWxed1dHSrf+ZMsIMkOi8=", "email": "09100213@ue.edu.pe", "date_joined": "2015-10-01T16:16:14.809Z"}, "model": "auth.user", "pk": 439}, {"fields": {"username": "ljpawluskiewicz", "first_name": "", "last_name": "", "is_active": false, "is_superuser": false, "is_staff": false, "last_login": null, "groups": [], "user_permissions": [], "password": "pbkdf2_sha256$20000$2QHQHE5z9DXS$4XX9OpH/HNdurIP1xwtG25+lLXyM57A4Uo778LR1Ir8=", "email": "ljpawluskiewicz@gmail.com", "date_joined": "2015-10-01T16:16:15.549Z"}, "model": "auth.user", "pk": 440}, {"fields": {"username": "jcarlosmeda", "first_name": "", "last_name": "", "is_active": false, "is_superuser": false, "is_staff": false, "last_login": null, "groups": [], "user_permissions": [], "password": "pbkdf2_sha256$20000$Vb6VyXpuzn9P$fguEsFo7t4PDxg7Xhbgl09P2egD0BM1iZI5Voa0Urqo=", "email": "jcarlosmeda@gmail.com", "date_joined": "2015-10-01T16:16:16.510Z"}, "model": "auth.user", "pk": 441}, {"fields": {"username": "kmech", "first_name": "", "last_name": "", "is_active": false, "is_superuser": false, "is_staff": false, "last_login": null, "groups": [], "user_permissions": [], "password": "pbkdf2_sha256$20000$1XRC7HYWKEev$8aaRcAWNYvWQaDrebpinIJo9mwtMv8pFVAiw7jJmtf4=", "email": "kmech@ualberta.ca", "date_joined": "2015-10-01T16:16:17.106Z"}, "model": "auth.user", "pk": 442}, {"fields": {"username": "dafortuna92", "first_name": "", "last_name": "", "is_active": false, "is_superuser": false, "is_staff": false, "last_login": null, "groups": [], "user_permissions": [], "password": "pbkdf2_sha256$20000$zWYgR65I1YWz$z3Ys3bMRq2GQ/HIU8Ix/J0v+NRLxeHw+p1rpkuLeOJk=", "email": "dafortuna92@gmail.com", "date_joined": "2015-10-01T16:16:17.849Z"}, "model": "auth.user", "pk": 443}, {"fields": {"username": "maissa.escobar", "first_name": "", "last_name": "", "is_active": false, "is_superuser": false, "is_staff": false, "last_login": null, "groups": [], "user_permissions": [], "password": "pbkdf2_sha256$20000$wUKWE99psSZL$VXoHkvwgG0mwZpUSOKTizNZpbegO6DmpkB1iiBL7C6E=", "email": "maissa.escobar@aiesec.net", "date_joined": "2015-10-01T16:16:18.320Z"}, "model": "auth.user", "pk": 444}, {"fields": {"username": "luboremenar", "first_name": "", "last_name": "", "is_active": false, "is_superuser": false, "is_staff": false, "last_login": null, "groups": [], "user_permissions": [], "password": "pbkdf2_sha256$20000$GjYPYVnS1ZdE$/69FcGvtNFNh/Zd4fr61xyX8PPBb5zyKQI9bHui2gp0=", "email": "luboremenar@gmail.com", "date_joined": "2015-10-01T16:16:19.554Z"}, "model": "auth.user", "pk": 445}, {"fields": {"username": "sohaib.sheikh91", "first_name": "", "last_name": "", "is_active": false, "is_superuser": false, "is_staff": false, "last_login": null, "groups": [], "user_permissions": [], "password": "pbkdf2_sha256$20000$rgmXaFajX0SD$bZk+VAP+uOtmkv2DKzfI7jpftSNjuQAB4SsO2/GBrS0=", "email": "sohaib.sheikh91@gmail.com", "date_joined": "2015-10-07T18:37:47.756Z"}, "model": "auth.user", "pk": 446}, {"fields": {"username": "pires.santana", "first_name": "", "last_name": "", "is_active": false, "is_superuser": false, "is_staff": false, "last_login": null, "groups": [], "user_permissions": [], "password": "pbkdf2_sha256$20000$uftuKdy9zhZa$HzDSqdvgYOzaQQAcwer9Zvaryyq64iNDjzvxB1KyjK0=", "email": "pires.santana@terra.com.br", "date_joined": "2015-10-07T18:37:49.147Z"}, "model": "auth.user", "pk": 447}, {"fields": {"username": "astriti_62", "first_name": "", "last_name": "", "is_active": false, "is_superuser": false, "is_staff": false, "last_login": null, "groups": [], "user_permissions": [], "password": "pbkdf2_sha256$20000$3fejJUB0sVWL$HyvzOP+HYIPa1wC7SNGBs0YpaW5xgVJxXt2h6V1JcwI=", "email": "astriti_62@hotmail.com", "date_joined": "2015-10-07T18:37:50.376Z"}, "model": "auth.user", "pk": 448}, {"fields": {"username": "jairojzp", "first_name": "", "last_name": "", "is_active": false, "is_superuser": false, "is_staff": false, "last_login": null, "groups": [], "user_permissions": [], "password": "pbkdf2_sha256$20000$iWWTW1wjtoCD$FWzDAUsZH/XETjzbsIdLrC6Qrmv7Cme0DVP+8WfL+DU=", "email": "jairojzp@gmail.com", "date_joined": "2015-10-07T18:37:52.026Z"}, "model": "auth.user", "pk": 449}, {"fields": {"username": "carla.ortega", "first_name": "", "last_name": "", "is_active": false, "is_superuser": false, "is_staff": false, "last_login": null, "groups": [], "user_permissions": [], "password": "pbkdf2_sha256$20000$72BhKPbSI9js$6ilQNJjVm8lAx0eKdNuZQY4P5m8ua5NqFI/1YlwyLSc=", "email": "carla.ortega@usil.pe", "date_joined": "2015-10-07T18:37:52.946Z"}, "model": "auth.user", "pk": 450}, {"fields": {"username": "emily.pernia", "first_name": "", "last_name": "", "is_active": false, "is_superuser": false, "is_staff": false, "last_login": null, "groups": [], "user_permissions": [], "password": "pbkdf2_sha256$20000$T9HSfsHoptVc$oKMD/Gfpark+P3KwxWxmYe4RnXCkWXFhF5zYntNbUlI=", "email": "emily.pernia@aiesec.net", "date_joined": "2015-10-07T18:37:54.200Z"}, "model": "auth.user", "pk": 451}, {"fields": {"username": "geler.amaya", "first_name": "", "last_name": "", "is_active": false, "is_superuser": false, "is_staff": false, "last_login": null, "groups": [], "user_permissions": [], "password": "pbkdf2_sha256$20000$ED20rkqiyYsN$U+XGMhg6TdE5anthFzvL7NRXLrJMoJbvl/39A7tfwvk=", "email": "geler.amaya@gmail.com", "date_joined": "2015-10-07T18:37:55.635Z"}, "model": "auth.user", "pk": 452}, {"fields": {"username": "essined23", "first_name": "", "last_name": "", "is_active": false, "is_superuser": false, "is_staff": false, "last_login": null, "groups": [], "user_permissions": [], "password": "pbkdf2_sha256$20000$Ntawcsa25rgW$q4Cj6juRkX/HyqoSgs+79yyTezVaHfxsKea/7OQ/JGo=", "email": "essined23@gmail.com", "date_joined": "2015-10-07T18:37:56.899Z"}, "model": "auth.user", "pk": 453}, {"fields": {"username": "eli.suar.machado.186", "first_name": "", "last_name": "", "is_active": false, "is_superuser": false, "is_staff": false, "last_login": null, "groups": [], "user_permissions": [], "password": "pbkdf2_sha256$20000$W3tQUUyprozu$80+moj7HRj0u0B3EqprB2ALjjCrwMSB6m6bN4iIyVY0=", "email": "eli.suar.machado.186@gmail.com", "date_joined": "2015-10-07T18:37:57.935Z"}, "model": "auth.user", "pk": 454}, {"fields": {"username": "javier.chavezleija", "first_name": "", "last_name": "", "is_active": false, "is_superuser": false, "is_staff": false, "last_login": null, "groups": [], "user_permissions": [], "password": "pbkdf2_sha256$20000$E7GB9yBxFObI$4E7l8B3EUVLPd85PkU8GO4gNLKPXl5yFn4Kl8Qdo4nM=", "email": "javier.chavezleija@gmail.com", "date_joined": "2015-10-07T18:37:58.857Z"}, "model": "auth.user", "pk": 455}, {"fields": {"username": "giovanni.tricco", "first_name": "", "last_name": "", "is_active": false, "is_superuser": false, "is_staff": false, "last_login": null, "groups": [], "user_permissions": [], "password": "pbkdf2_sha256$20000$eKiQHaMBoKrR$0R6r/momQQnU9CmIswimULNxVmSjpYOSuH7k2a+eCK0=", "email": "giovanni.tricco@gmail.com", "date_joined": "2015-10-14T18:33:15.549Z"}, "model": "auth.user", "pk": 456}, {"fields": {"username": "lea.lenge2010", "first_name": "", "last_name": "", "is_active": false, "is_superuser": false, "is_staff": false, "last_login": null, "groups": [], "user_permissions": [], "password": "pbkdf2_sha256$20000$4VMXuCgGz7VM$ULpHmf6VFwbzB/+bLuRjRZ3Gmsv2eSUamK9prv4kKtI=", "email": "lea.lenge2010@gmail.com", "date_joined": "2015-10-14T18:33:16.355Z"}, "model": "auth.user", "pk": 457}, {"fields": {"username": "f_zsigmond", "first_name": "", "last_name": "", "is_active": false, "is_superuser": false, "is_staff": false, "last_login": null, "groups": [], "user_permissions": [], "password": "pbkdf2_sha256$20000$DCuM69fWS4aZ$1oAkpCVfiMUZDaiO+VvJ1idUm2/+RAHw/CCpV75NVqU=", "email": "f_zsigmond@yahoo.com", "date_joined": "2015-10-14T18:33:17.249Z"}, "model": "auth.user", "pk": 458}, {"fields": {"username": "radu.elena.diana", "first_name": "", "last_name": "", "is_active": false, "is_superuser": false, "is_staff": false, "last_login": null, "groups": [], "user_permissions": [], "password": "pbkdf2_sha256$20000$aDm0Jv1FiZ1J$RR1d+34xK8THJ0tAxPyq+J968Vjh2H1HBrvaA2XUhC8=", "email": "radu.elena.diana@gmail.com", "date_joined": "2015-10-14T18:33:18.189Z"}, "model": "auth.user", "pk": 459}, {"fields": {"username": "scanevaro", "first_name": "", "last_name": "", "is_active": false, "is_superuser": false, "is_staff": false, "last_login": null, "groups": [], "user_permissions": [], "password": "pbkdf2_sha256$20000$YbEq3CnP2vcE$zBomC9zHhBjBC3XXcOVATm9SIL1fyZiNsPuUvkZo08A=", "email": "scanevaro@hotmail.com", "date_joined": "2015-10-14T18:33:19.192Z"}, "model": "auth.user", "pk": 460}, {"fields": {"username": "julio.assimi", "first_name": "", "last_name": "", "is_active": false, "is_superuser": false, "is_staff": false, "last_login": null, "groups": [], "user_permissions": [], "password": "pbkdf2_sha256$20000$66wG6a7Dg5HH$PID28SlbBbCN6LtPxgzwPqejXlsZa0EvLP4BQvDf4bk=", "email": "julio.assimi@hotmail.com", "date_joined": "2015-10-14T18:33:20.291Z"}, "model": "auth.user", "pk": 461}, {"fields": {"username": "maxime.rouja", "first_name": "", "last_name": "", "is_active": false, "is_superuser": false, "is_staff": false, "last_login": null, "groups": [], "user_permissions": [], "password": "pbkdf2_sha256$20000$Y4C2ynJwatbi$yUOGw2tXXY6Evad+LdEkGRPT1viLw/n41NauCUBfxjY=", "email": "maxime.rouja@inseec-france.com", "date_joined": "2015-10-14T18:33:21.709Z"}, "model": "auth.user", "pk": 462}, {"fields": {"username": "kasiusia13", "first_name": "", "last_name": "", "is_active": false, "is_superuser": false, "is_staff": false, "last_login": null, "groups": [], "user_permissions": [], "password": "pbkdf2_sha256$20000$iNHvSZMhBOxG$UOZxRGWDl1Q8WdOT0L6/ookH9l5KxXielsKeCUDgUuM=", "email": "kasiusia13@op.pl", "date_joined": "2015-10-14T18:33:22.429Z"}, "model": "auth.user", "pk": 463}, {"fields": {"username": "ju.sgulmar", "first_name": "", "last_name": "", "is_active": false, "is_superuser": false, "is_staff": false, "last_login": null, "groups": [], "user_permissions": [], "password": "pbkdf2_sha256$20000$2Z6i8CqXvIrO$Fu6Go7ta1hiKM3PNQ+yAwVvziuO5yoIuMmYL7Jxp4vc=", "email": "ju.sgulmar@gmail.com", "date_joined": "2015-10-14T18:33:23.408Z"}, "model": "auth.user", "pk": 464}, {"fields": {"username": "cyn.antoniello", "first_name": "", "last_name": "", "is_active": false, "is_superuser": false, "is_staff": false, "last_login": null, "groups": [], "user_permissions": [], "password": "pbkdf2_sha256$20000$gVZGYznGx5sc$Wm/j4qdnDhYU6iQXz/n+BJZIhiobYasShLe69S+czh4=", "email": "cyn.antoniello@gmail.com", "date_joined": "2015-10-14T18:33:24.195Z"}, "model": "auth.user", "pk": 465}, {"fields": {"username": "chavezgallardom", "first_name": "", "last_name": "", "is_active": false, "is_superuser": false, "is_staff": false, "last_login": null, "groups": [], "user_permissions": [], "password": "pbkdf2_sha256$20000$Qbqxk1uRPbcR$VriXjqzVB8z10N5v8myEJUPF11nEd93ZrH+/cpDxDlo=", "email": "chavezgallardom@gmail.com", "date_joined": "2015-10-14T18:33:24.920Z"}, "model": "auth.user", "pk": 466}, {"fields": {"username": "pabloriccitelli", "first_name": "", "last_name": "", "is_active": false, "is_superuser": false, "is_staff": false, "last_login": null, "groups": [], "user_permissions": [], "password": "pbkdf2_sha256$20000$ykkBPKaZ6SJr$4XpC3Y0C6ezEC6Ktf0uA9kzZ4+is2p7ZVIzoR9pDprA=", "email": "pabloriccitelli@hotmail.com", "date_joined": "2015-10-14T18:33:25.651Z"}, "model": "auth.user", "pk": 467}, {"fields": {"username": "mafe-2226", "first_name": "", "last_name": "", "is_active": false, "is_superuser": false, "is_staff": false, "last_login": null, "groups": [], "user_permissions": [], "password": "pbkdf2_sha256$20000$iLF79WSqOrvx$IAcPVv9EbIGJO86eGZFjvjV4mZZkt3iNgkUBYUCf4Mc=", "email": "mafe-2226@hotmail.com", "date_joined": "2015-10-21T21:05:32.354Z"}, "model": "auth.user", "pk": 469}, {"fields": {"empresa": 1, "genero": "M", "country": "CO", "user": 104, "photo": "", "num_pasaporte": "124", "telefono": "1345"}, "model": "fileManager.empresario", "pk": 2}, {"fields": {"empresa": 1, "genero": "M", "country": "CO", "user": 373, "photo": "", "num_pasaporte": "860005224", "telefono": "6389000"}, "model": "fileManager.empresario", "pk": 3}, {"fields": {"memodeal": "", "empresa": 1, "code": "F3Z49OA38DJBGJK5", "carta_mercosur": "", "photo": "", "curriculum_vitae": "SABMiller/27921/cv_Cynthia Antoniello.com/open?id=0B-Nv8Y6fYe61djNLQnhNZTVkaG8", "full_name": "Cynthia Antoniello", "otros": "", "acceptance_note": "", "arl": "", "seguro_internacional": "", "documentos_hechos": false, "fecha_creacion": "2015-10-14", "ep_id": 27921, "lc_host": "Maracaibo", "organization_acceptance_note_firmada": "", "tn_id": 657564, "telefono": null, "acceptance_note_firmada": "", "genero": null, "fecha_fin_practica": null, "certificado_cuenta_bancaria": "", "confirmado": false, "memodeal_firmado": "", "fecha_expedicion_pasaporte": null, "user": 465, "grupo": "Pool 15", "estado": null, "pasaporte": "", "fecha_expiracion_pasaporte": null, "country": "", "eps": "", "fecha_inicio_practica": null, "num_pasaporte": null, "organization_acceptance_note": ""}, "model": "fileManager.trainee", "pk": 27921}, {"fields": {"memodeal": "SABMiller/43398/memodeal_657564.pdf", "empresa": 1, "code": "7QLX1JCZHRSJ29CF", "carta_mercosur": "SABMiller/43398/carta_mercosur_657564.pdf", "photo": "", "curriculum_vitae": "SABMiller/43398/cv_Emily Pernia.pdf", "full_name": "Emily Pernia", "otros": "", "acceptance_note": "SABMiller/43398/acceptance_note_657564.pdf", "arl": "", "seguro_internacional": "", "documentos_hechos": false, "fecha_creacion": "2015-10-07", "ep_id": 43398, "lc_host": "Maracaibo", "organization_acceptance_note_firmada": "", "tn_id": 657564, "telefono": "+584266699772", "acceptance_note_firmada": "", "genero": "F", "fecha_fin_practica": "2016-06-12", "certificado_cuenta_bancaria": "SABMiller/43398/certificado_cuenta_bancaria_657564.pdf", "confirmado": true, "memodeal_firmado": "", "fecha_expedicion_pasaporte": "2012-01-19", "user": 451, "grupo": "Pool 14", "estado": true, "pasaporte": "./Emily_Pernia_Pasaporte.jpg", "fecha_expiracion_pasaporte": "2017-01-18", "country": "VE", "eps": "", "fecha_inicio_practica": "2016-01-12", "num_pasaporte": "053973717", "organization_acceptance_note": "SABMiller/43398/organization_acceptance_note_657564.pdf"}, "model": "fileManager.trainee", "pk": 43398}, {"fields": {"memodeal": "", "empresa": 1, "code": "FST9FJXOE44OKLKI", "carta_mercosur": "", "photo": "", "curriculum_vitae": "SABMiller/72767/cv_Julio Cesar Assimi.pdf", "full_name": "Julio Cesar Assimi", "otros": "", "acceptance_note": "", "arl": "", "seguro_internacional": "", "documentos_hechos": false, "fecha_creacion": "2015-10-14", "ep_id": 72767, "lc_host": "PORTO ALEGRE", "organization_acceptance_note_firmada": "", "tn_id": 657564, "telefono": null, "acceptance_note_firmada": "", "genero": null, "fecha_fin_practica": null, "certificado_cuenta_bancaria": "", "confirmado": false, "memodeal_firmado": "", "fecha_expedicion_pasaporte": null, "user": 461, "grupo": "Pool 15", "estado": null, "pasaporte": "", "fecha_expiracion_pasaporte": null, "country": "", "eps": "", "fecha_inicio_practica": null, "num_pasaporte": null, "organization_acceptance_note": ""}, "model": "fileManager.trainee", "pk": 72767}, {"fields": {"memodeal": "", "empresa": 1, "code": "PLMGKSM42K7TAZOY", "carta_mercosur": "", "photo": "", "curriculum_vitae": "SABMiller/73073/cv_JAIRO JOSE ZULETA.pdf", "full_name": "JAIRO JOSE ZULETA", "otros": "", "acceptance_note": "", "arl": "", "seguro_internacional": "", "documentos_hechos": false, "fecha_creacion": "2015-10-07", "ep_id": 73073, "lc_host": "Maracaibo", "organization_acceptance_note_firmada": "", "tn_id": 657564, "telefono": null, "acceptance_note_firmada": "", "genero": null, "fecha_fin_practica": null, "certificado_cuenta_bancaria": "", "confirmado": false, "memodeal_firmado": "", "fecha_expedicion_pasaporte": null, "user": 449, "grupo": "Pool 14", "estado": null, "pasaporte": "", "fecha_expiracion_pasaporte": null, "country": "", "eps": "", "fecha_inicio_practica": null, "num_pasaporte": null, "organization_acceptance_note": ""}, "model": "fileManager.trainee", "pk": 73073}, {"fields": {"memodeal": "", "empresa": 1, "code": "CAEGHAIRN3DXFDAI", "carta_mercosur": "", "photo": "", "curriculum_vitae": "SABMiller/103706/cv_Liene Melne_5aYxSmW.pdf", "full_name": "Liene Melne", "otros": "", "acceptance_note": "", "arl": "", "seguro_internacional": "", "documentos_hechos": false, "fecha_creacion": "2015-10-01", "ep_id": 103706, "lc_host": "RIGA", "organization_acceptance_note_firmada": "", "tn_id": 657564, "telefono": null, "acceptance_note_firmada": "", "genero": null, "fecha_fin_practica": null, "certificado_cuenta_bancaria": "", "confirmado": false, "memodeal_firmado": "", "fecha_expedicion_pasaporte": null, "user": 438, "grupo": "Pool 13", "estado": null, "pasaporte": "", "fecha_expiracion_pasaporte": null, "country": "", "eps": "", "fecha_inicio_practica": null, "num_pasaporte": null, "organization_acceptance_note": ""}, "model": "fileManager.trainee", "pk": 103706}, {"fields": {"memodeal": "", "empresa": 1, "code": "K3AEHLR0FYHW3JX5", "carta_mercosur": "", "photo": "", "curriculum_vitae": "SABMiller/110379/cv_Zsigmond Fazekas.pdf", "full_name": "Zsigmond Fazekas", "otros": "", "acceptance_note": "", "arl": "", "seguro_internacional": "", "documentos_hechos": false, "fecha_creacion": "2015-10-14", "ep_id": 110379, "lc_host": "ORADEA", "organization_acceptance_note_firmada": "", "tn_id": 657564, "telefono": null, "acceptance_note_firmada": "", "genero": null, "fecha_fin_practica": null, "certificado_cuenta_bancaria": "", "confirmado": false, "memodeal_firmado": "", "fecha_expedicion_pasaporte": null, "user": 458, "grupo": "Pool 15", "estado": null, "pasaporte": "", "fecha_expiracion_pasaporte": null, "country": "", "eps": "", "fecha_inicio_practica": null, "num_pasaporte": null, "organization_acceptance_note": ""}, "model": "fileManager.trainee", "pk": 110379}, {"fields": {"memodeal": "", "empresa": 1, "code": "2NLHJ0SSXMLG4BUI", "carta_mercosur": "", "photo": "", "curriculum_vitae": "SABMiller/147557/cv_Lubos Remenar_W9UTW2J.pdf", "full_name": "Lubos Remenar", "otros": "", "acceptance_note": "", "arl": "", "seguro_internacional": "", "documentos_hechos": false, "fecha_creacion": "2015-10-01", "ep_id": 147557, "lc_host": "NITRA", "organization_acceptance_note_firmada": "", "tn_id": 657564, "telefono": null, "acceptance_note_firmada": "", "genero": null, "fecha_fin_practica": null, "certificado_cuenta_bancaria": "", "confirmado": false, "memodeal_firmado": "", "fecha_expedicion_pasaporte": null, "user": 445, "grupo": "Pool 13", "estado": false, "pasaporte": "", "fecha_expiracion_pasaporte": null, "country": "", "eps": "", "fecha_inicio_practica": null, "num_pasaporte": null, "organization_acceptance_note": ""}, "model": "fileManager.trainee", "pk": 147557}, {"fields": {"memodeal": "", "empresa": 1, "code": "NIZ25R5BQMTAFY5D", "carta_mercosur": "", "photo": "", "curriculum_vitae": "SABMiller/221084/cv_Joice Petry_VXHEPdg.pdf", "full_name": "Joice Petry", "otros": "", "acceptance_note": "", "arl": "", "seguro_internacional": "", "documentos_hechos": false, "fecha_creacion": "2015-10-01", "ep_id": 221084, "lc_host": "FLORIANOPOLIS", "organization_acceptance_note_firmada": "", "tn_id": 657564, "telefono": null, "acceptance_note_firmada": "", "genero": null, "fecha_fin_practica": null, "certificado_cuenta_bancaria": "", "confirmado": false, "memodeal_firmado": "", "fecha_expedicion_pasaporte": null, "user": 430, "grupo": "Pool 13", "estado": null, "pasaporte": "", "fecha_expiracion_pasaporte": null, "country": "", "eps": "", "fecha_inicio_practica": null, "num_pasaporte": null, "organization_acceptance_note": ""}, "model": "fileManager.trainee", "pk": 221084}, {"fields": {"memodeal": "", "empresa": 1, "code": "R3F9CA3GA9AHFF83", "carta_mercosur": "", "photo": "", "curriculum_vitae": "SABMiller/362555/cv_Giovanni Tricco'.pdf", "full_name": "Giovanni Tricco'", "otros": "", "acceptance_note": "", "arl": "", "seguro_internacional": "", "documentos_hechos": false, "fecha_creacion": "2015-10-14", "ep_id": 362555, "lc_host": "VENEZIA", "organization_acceptance_note_firmada": "", "tn_id": 657564, "telefono": null, "acceptance_note_firmada": "", "genero": null, "fecha_fin_practica": null, "certificado_cuenta_bancaria": "", "confirmado": false, "memodeal_firmado": "", "fecha_expedicion_pasaporte": null, "user": 456, "grupo": "Pool 15", "estado": null, "pasaporte": "", "fecha_expiracion_pasaporte": null, "country": "", "eps": "", "fecha_inicio_practica": null, "num_pasaporte": null, "organization_acceptance_note": ""}, "model": "fileManager.trainee", "pk": 362555}, {"fields": {"memodeal": "", "empresa": 1, "code": "6TJRGKIWFUG79UL1", "carta_mercosur": "", "photo": "", "curriculum_vitae": "SABMiller/371972/cv_Juan Carlos Meda_x9xRCYH.pdf", "full_name": "Juan Carlos Meda", "otros": "", "acceptance_note": "", "arl": "", "seguro_internacional": "", "documentos_hechos": false, "fecha_creacion": "2015-10-01", "ep_id": 371972, "lc_host": "Galileo", "organization_acceptance_note_firmada": "", "tn_id": 657564, "telefono": null, "acceptance_note_firmada": "", "genero": null, "fecha_fin_practica": null, "certificado_cuenta_bancaria": "", "confirmado": false, "memodeal_firmado": "", "fecha_expedicion_pasaporte": null, "user": 441, "grupo": "Pool 13", "estado": false, "pasaporte": "", "fecha_expiracion_pasaporte": null, "country": "", "eps": "", "fecha_inicio_practica": null, "num_pasaporte": null, "organization_acceptance_note": ""}, "model": "fileManager.trainee", "pk": 371972}, {"fields": {"memodeal": "", "empresa": 1, "code": "VI28X8ZRG40GOS6T", "carta_mercosur": "", "photo": "", "curriculum_vitae": "SABMiller/430947/cv_Astrit Sahiti.pdf", "full_name": "Astrit Sahiti", "otros": "", "acceptance_note": "", "arl": "", "seguro_internacional": "", "documentos_hechos": false, "fecha_creacion": "2015-10-07", "ep_id": 430947, "lc_host": "SKOPJE", "organization_acceptance_note_firmada": "", "tn_id": 657564, "telefono": null, "acceptance_note_firmada": "", "genero": null, "fecha_fin_practica": null, "certificado_cuenta_bancaria": "", "confirmado": false, "memodeal_firmado": "", "fecha_expedicion_pasaporte": null, "user": 448, "grupo": "Pool 14", "estado": false, "pasaporte": "", "fecha_expiracion_pasaporte": null, "country": "", "eps": "", "fecha_inicio_practica": null, "num_pasaporte": null, "organization_acceptance_note": ""}, "model": "fileManager.trainee", "pk": 430947}, {"fields": {"memodeal": "", "empresa": 1, "code": "APCZA3OI53LDZO9R", "carta_mercosur": "", "photo": "", "curriculum_vitae": "SABMiller/432893/cv_Maxime Rouja.pdf", "full_name": "Maxime Rouja", "otros": "", "acceptance_note": "", "arl": "", "seguro_internacional": "", "documentos_hechos": false, "fecha_creacion": "2015-10-14", "ep_id": 432893, "lc_host": "Bordeaux (INSEEC)", "organization_acceptance_note_firmada": "", "tn_id": 657564, "telefono": null, "acceptance_note_firmada": "", "genero": null, "fecha_fin_practica": null, "certificado_cuenta_bancaria": "", "confirmado": false, "memodeal_firmado": "", "fecha_expedicion_pasaporte": null, "user": 462, "grupo": "Pool 15", "estado": null, "pasaporte": "", "fecha_expiracion_pasaporte": null, "country": "", "eps": "", "fecha_inicio_practica": null, "num_pasaporte": null, "organization_acceptance_note": ""}, "model": "fileManager.trainee", "pk": 432893}, {"fields": {"memodeal": "", "empresa": 1, "code": "H5JR1E78PTHI6KBX", "carta_mercosur": "", "photo": "", "curriculum_vitae": "SABMiller/434769/cv_Karen Carolina Araujo Diaz_bIYd63D.pdf", "full_name": "Karen Carolina Araujo Diaz", "otros": "", "acceptance_note": "", "arl": "", "seguro_internacional": "", "documentos_hechos": false, "fecha_creacion": "2015-10-01", "ep_id": 434769, "lc_host": "SAN MARCOS", "organization_acceptance_note_firmada": "", "tn_id": 657564, "telefono": null, "acceptance_note_firmada": "", "genero": null, "fecha_fin_practica": null, "certificado_cuenta_bancaria": "", "confirmado": false, "memodeal_firmado": "", "fecha_expedicion_pasaporte": null, "user": 428, "grupo": "Pool 13", "estado": false, "pasaporte": "", "fecha_expiracion_pasaporte": null, "country": "", "eps": "", "fecha_inicio_practica": null, "num_pasaporte": null, "organization_acceptance_note": ""}, "model": "fileManager.trainee", "pk": 434769}, {"fields": {"memodeal": "", "empresa": 1, "code": "O28HFBI174BWJ0BU", "carta_mercosur": "", "photo": "", "curriculum_vitae": "SABMiller/461521/cv_Karina Pires de Santana Oliveira Oliveira.pdf", "full_name": "Karina Pires de Santana Oliveira Oliveira", "otros": "", "acceptance_note": "", "arl": "", "seguro_internacional": "", "documentos_hechos": false, "fecha_creacion": "2015-10-07", "ep_id": 461521, "lc_host": "GETULIO VARGAS", "organization_acceptance_note_firmada": "", "tn_id": 657564, "telefono": null, "acceptance_note_firmada": "", "genero": null, "fecha_fin_practica": null, "certificado_cuenta_bancaria": "", "confirmado": false, "memodeal_firmado": "", "fecha_expedicion_pasaporte": null, "user": 447, "grupo": "Pool 14", "estado": null, "pasaporte": "", "fecha_expiracion_pasaporte": null, "country": "", "eps": "", "fecha_inicio_practica": null, "num_pasaporte": null, "organization_acceptance_note": ""}, "model": "fileManager.trainee", "pk": 461521}, {"fields": {"memodeal": "", "empresa": 1, "code": "20Z3YJZWTZOCP4J3", "carta_mercosur": "", "photo": "", "curriculum_vitae": "SABMiller/527271/cv_Lara Elaine Kmech.docx", "full_name": "Lara Elaine Kmech", "otros": "", "acceptance_note": "", "arl": "", "seguro_internacional": "", "documentos_hechos": false, "fecha_creacion": "2015-10-01", "ep_id": 527271, "lc_host": "EDMONTON", "organization_acceptance_note_firmada": "", "tn_id": 657564, "telefono": null, "acceptance_note_firmada": "", "genero": null, "fecha_fin_practica": null, "certificado_cuenta_bancaria": "", "confirmado": false, "memodeal_firmado": "", "fecha_expedicion_pasaporte": null, "user": 442, "grupo": "Pool 13", "estado": false, "pasaporte": "", "fecha_expiracion_pasaporte": null, "country": "", "eps": "", "fecha_inicio_practica": null, "num_pasaporte": null, "organization_acceptance_note": ""}, "model": "fileManager.trainee", "pk": 527271}, {"fields": {"memodeal": "", "empresa": 1, "code": "KU68ZIDHPT5QBV92", "carta_mercosur": "", "photo": "", "curriculum_vitae": "SABMiller/592938/cv_Diego Alexandrine Fortuna_5itvFrV.pdf", "full_name": "Diego Alexandrine Fortuna", "otros": "", "acceptance_note": "", "arl": "", "seguro_internacional": "", "documentos_hechos": false, "fecha_creacion": "2015-10-01", "ep_id": 592938, "lc_host": "Joinville", "organization_acceptance_note_firmada": "", "tn_id": 657564, "telefono": null, "acceptance_note_firmada": "", "genero": null, "fecha_fin_practica": null, "certificado_cuenta_bancaria": "", "confirmado": false, "memodeal_firmado": "", "fecha_expedicion_pasaporte": null, "user": 443, "grupo": "Pool 13", "estado": null, "pasaporte": "", "fecha_expiracion_pasaporte": null, "country": "", "eps": "", "fecha_inicio_practica": null, "num_pasaporte": null, "organization_acceptance_note": ""}, "model": "fileManager.trainee", "pk": 592938}, {"fields": {"memodeal": "", "empresa": 1, "code": "7K746VBLL1K8KZOD", "carta_mercosur": "", "photo": "", "curriculum_vitae": "SABMiller/608560/cv_Javier Gustavo Chavez.pdf", "full_name": "Javier Gustavo Chavez", "otros": "", "acceptance_note": "", "arl": "", "seguro_internacional": "", "documentos_hechos": false, "fecha_creacion": "2015-10-07", "ep_id": 608560, "lc_host": "CHIHUAHUA", "organization_acceptance_note_firmada": "", "tn_id": 657564, "telefono": null, "acceptance_note_firmada": "", "genero": null, "fecha_fin_practica": null, "certificado_cuenta_bancaria": "", "confirmado": false, "memodeal_firmado": "", "fecha_expedicion_pasaporte": null, "user": 455, "grupo": "Pool 14", "estado": null, "pasaporte": "", "fecha_expiracion_pasaporte": null, "country": "", "eps": "", "fecha_inicio_practica": null, "num_pasaporte": null, "organization_acceptance_note": ""}, "model": "fileManager.trainee", "pk": 608560}, {"fields": {"memodeal": "", "empresa": 1, "code": "IZ90BZV11DQZ1WQ2", "carta_mercosur": "", "photo": "", "curriculum_vitae": "SABMiller/610682/cv_Radu Elena Diana.pdf", "full_name": "Radu Elena Diana", "otros": "", "acceptance_note": "", "arl": "", "seguro_internacional": "", "documentos_hechos": false, "fecha_creacion": "2015-10-14", "ep_id": 610682, "lc_host": "TIMISOARA", "organization_acceptance_note_firmada": "", "tn_id": 657564, "telefono": null, "acceptance_note_firmada": "", "genero": null, "fecha_fin_practica": null, "certificado_cuenta_bancaria": "", "confirmado": false, "memodeal_firmado": "", "fecha_expedicion_pasaporte": null, "user": 459, "grupo": "Pool 15", "estado": null, "pasaporte": "", "fecha_expiracion_pasaporte": null, "country": "", "eps": "", "fecha_inicio_practica": null, "num_pasaporte": null, "organization_acceptance_note": ""}, "model": "fileManager.trainee", "pk": 610682}, {"fields": {"memodeal": "", "empresa": 1, "code": "GFS2CWMMSMDB04FV", "carta_mercosur": "", "photo": "", "curriculum_vitae": "SABMiller/621973/cv_Manuel Maria Cayolla da Motta Cardoso Vicente_fCj83es.pdf", "full_name": "Manuel Maria Cayolla da Motta Cardoso Vicente", "otros": "", "acceptance_note": "", "arl": "", "seguro_internacional": "", "documentos_hechos": false, "fecha_creacion": "2015-10-01", "ep_id": 621973, "lc_host": "Lisboa ISCTE", "organization_acceptance_note_firmada": "", "tn_id": 657564, "telefono": null, "acceptance_note_firmada": "", "genero": null, "fecha_fin_practica": null, "certificado_cuenta_bancaria": "", "confirmado": false, "memodeal_firmado": "", "fecha_expedicion_pasaporte": null, "user": 434, "grupo": "Pool 13", "estado": false, "pasaporte": "", "fecha_expiracion_pasaporte": null, "country": "", "eps": "", "fecha_inicio_practica": null, "num_pasaporte": null, "organization_acceptance_note": ""}, "model": "fileManager.trainee", "pk": 621973}, {"fields": {"memodeal": "", "empresa": 1, "code": "D4XNWBEM9BDVNQGN", "carta_mercosur": "", "photo": "", "curriculum_vitae": "SABMiller/624790/cv_Karla Regina Carvalho Lira_d2uS8Ar.pdf", "full_name": "Karla Regina Carvalho Lira", "otros": "", "acceptance_note": "", "arl": "", "seguro_internacional": "", "documentos_hechos": false, "fecha_creacion": "2015-10-01", "ep_id": 624790, "lc_host": "Recife", "organization_acceptance_note_firmada": "", "tn_id": 657564, "telefono": null, "acceptance_note_firmada": "", "genero": null, "fecha_fin_practica": null, "certificado_cuenta_bancaria": "", "confirmado": false, "memodeal_firmado": "", "fecha_expedicion_pasaporte": null, "user": 435, "grupo": "Pool 13", "estado": false, "pasaporte": "", "fecha_expiracion_pasaporte": null, "country": "", "eps": "", "fecha_inicio_practica": null, "num_pasaporte": null, "organization_acceptance_note": ""}, "model": "fileManager.trainee", "pk": 624790}, {"fields": {"memodeal": "", "empresa": 1, "code": "UMKSOUN5F7PS9XA2", "carta_mercosur": "", "photo": "", "curriculum_vitae": "SABMiller/631721/cv_Maria Fernanda_59rdARV.pdf", "full_name": "Maria Fernanda", "otros": "", "acceptance_note": "", "arl": "", "seguro_internacional": "", "documentos_hechos": false, "fecha_creacion": "2015-10-21", "ep_id": 631721, "lc_host": "Colombia", "organization_acceptance_note_firmada": "", "tn_id": 657564, "telefono": null, "acceptance_note_firmada": "", "genero": null, "fecha_fin_practica": null, "certificado_cuenta_bancaria": "", "confirmado": false, "memodeal_firmado": "", "fecha_expedicion_pasaporte": null, "user": 469, "grupo": "Test", "estado": false, "pasaporte": "", "fecha_expiracion_pasaporte": null, "country": "", "eps": "", "fecha_inicio_practica": null, "num_pasaporte": null, "organization_acceptance_note": ""}, "model": "fileManager.trainee", "pk": 631721}, {"fields": {"memodeal": "", "empresa": 1, "code": "SDX3681HFYEXX0N1", "carta_mercosur": "", "photo": "", "curriculum_vitae": "SABMiller/640903/cv_Lukasz Jan Pawluskiewicz_DZ6w05p.pdf", "full_name": "Lukasz Jan Pawluskiewicz", "otros": "", "acceptance_note": "", "arl": "", "seguro_internacional": "", "documentos_hechos": false, "fecha_creacion": "2015-10-01", "ep_id": 640903, "lc_host": "WROCLAW UE", "organization_acceptance_note_firmada": "", "tn_id": 657564, "telefono": null, "acceptance_note_firmada": "", "genero": null, "fecha_fin_practica": null, "certificado_cuenta_bancaria": "", "confirmado": false, "memodeal_firmado": "", "fecha_expedicion_pasaporte": null, "user": 440, "grupo": "Pool 13", "estado": null, "pasaporte": "", "fecha_expiracion_pasaporte": null, "country": "", "eps": "", "fecha_inicio_practica": null, "num_pasaporte": null, "organization_acceptance_note": ""}, "model": "fileManager.trainee", "pk": 640903}, {"fields": {"memodeal": "", "empresa": 1, "code": "ENH1EABNUBXIHYCK", "carta_mercosur": "", "photo": "", "curriculum_vitae": "SABMiller/649910/cv_Elizabeth Suarez.pdf", "full_name": "Elizabeth Suarez", "otros": "", "acceptance_note": "", "arl": "", "seguro_internacional": "", "documentos_hechos": false, "fecha_creacion": "2015-10-07", "ep_id": 649910, "lc_host": "IPN", "organization_acceptance_note_firmada": "", "tn_id": 657564, "telefono": null, "acceptance_note_firmada": "", "genero": null, "fecha_fin_practica": null, "certificado_cuenta_bancaria": "", "confirmado": false, "memodeal_firmado": "", "fecha_expedicion_pasaporte": null, "user": 454, "grupo": "Pool 14", "estado": null, "pasaporte": "", "fecha_expiracion_pasaporte": null, "country": "", "eps": "", "fecha_inicio_practica": null, "num_pasaporte": null, "organization_acceptance_note": ""}, "model": "fileManager.trainee", "pk": 649910}, {"fields": {"memodeal": "", "empresa": 1, "code": "J5G5QJYN1V5N5HHV", "carta_mercosur": "", "photo": "", "curriculum_vitae": "SABMiller/650017/cv_Pablo Riccitelli.com/open?id=0B-Nv8Y6fYe61VXJtS3ljNTVka1E", "full_name": "Pablo Riccitelli", "otros": "", "acceptance_note": "", "arl": "", "seguro_internacional": "", "documentos_hechos": false, "fecha_creacion": "2015-10-14", "ep_id": 650017, "lc_host": "Rosario (Arg)", "organization_acceptance_note_firmada": "", "tn_id": 657564, "telefono": null, "acceptance_note_firmada": "", "genero": null, "fecha_fin_practica": null, "certificado_cuenta_bancaria": "", "confirmado": false, "memodeal_firmado": "", "fecha_expedicion_pasaporte": null, "user": 467, "grupo": "Pool 15", "estado": null, "pasaporte": "", "fecha_expiracion_pasaporte": null, "country": "", "eps": "", "fecha_inicio_practica": null, "num_pasaporte": null, "organization_acceptance_note": ""}, "model": "fileManager.trainee", "pk": 650017}, {"fields": {"memodeal": "", "empresa": 1, "code": "JM8PA6042N8YHAPH", "carta_mercosur": "", "photo": "", "curriculum_vitae": "SABMiller/651104/cv_Oscar Ernesto Ortiz_emKtnug.pdf", "full_name": "Oscar Ernesto Ortiz", "otros": "", "acceptance_note": "", "arl": "", "seguro_internacional": "", "documentos_hechos": false, "fecha_creacion": "2015-10-01", "ep_id": 651104, "lc_host": "GUADALAJARA", "organization_acceptance_note_firmada": "", "tn_id": 657564, "telefono": null, "acceptance_note_firmada": "", "genero": null, "fecha_fin_practica": null, "certificado_cuenta_bancaria": "", "confirmado": false, "memodeal_firmado": "", "fecha_expedicion_pasaporte": null, "user": 432, "grupo": "Pool 13", "estado": false, "pasaporte": "", "fecha_expiracion_pasaporte": null, "country": "", "eps": "", "fecha_inicio_practica": null, "num_pasaporte": null, "organization_acceptance_note": ""}, "model": "fileManager.trainee", "pk": 651104}, {"fields": {"memodeal": "", "empresa": 1, "code": "D8UI6KEWGQDI0WNW", "carta_mercosur": "", "photo": "", "curriculum_vitae": "SABMiller/663098/cv_Juliana Sgulmar Santos.pdf", "full_name": "Juliana Sgulmar Santos", "otros": "", "acceptance_note": "", "arl": "", "seguro_internacional": "", "documentos_hechos": false, "fecha_creacion": "2015-10-14", "ep_id": 663098, "lc_host": "USP", "organization_acceptance_note_firmada": "", "tn_id": 657564, "telefono": null, "acceptance_note_firmada": "", "genero": null, "fecha_fin_practica": null, "certificado_cuenta_bancaria": "", "confirmado": false, "memodeal_firmado": "", "fecha_expedicion_pasaporte": null, "user": 464, "grupo": "Pool 15", "estado": false, "pasaporte": "", "fecha_expiracion_pasaporte": null, "country": "", "eps": "", "fecha_inicio_practica": null, "num_pasaporte": null, "organization_acceptance_note": ""}, "model": "fileManager.trainee", "pk": 663098}, {"fields": {"memodeal": "", "empresa": 1, "code": "JZAZYONORAEZWO62", "carta_mercosur": "", "photo": "", "curriculum_vitae": "SABMiller/670414/cv_Sohaib Sheikh.doc", "full_name": "Sohaib Sheikh", "otros": "", "acceptance_note": "", "arl": "", "seguro_internacional": "", "documentos_hechos": false, "fecha_creacion": "2015-10-07", "ep_id": 670414, "lc_host": "Karachi", "organization_acceptance_note_firmada": "", "tn_id": 657564, "telefono": null, "acceptance_note_firmada": "", "genero": null, "fecha_fin_practica": null, "certificado_cuenta_bancaria": "", "confirmado": false, "memodeal_firmado": "", "fecha_expedicion_pasaporte": null, "user": 446, "grupo": "Pool 14", "estado": false, "pasaporte": "", "fecha_expiracion_pasaporte": null, "country": "", "eps": "", "fecha_inicio_practica": null, "num_pasaporte": null, "organization_acceptance_note": ""}, "model": "fileManager.trainee", "pk": 670414}, {"fields": {"memodeal": "", "empresa": 1, "code": "T2SHNK8FUDQ1PR5Y", "carta_mercosur": "", "photo": "", "curriculum_vitae": "SABMiller/672599/cv_Maissa Vergara Escobar.docx", "full_name": "Maissa Vergara Escobar", "otros": "", "acceptance_note": "", "arl": "", "seguro_internacional": "", "documentos_hechos": false, "fecha_creacion": "2015-10-01", "ep_id": 672599, "lc_host": "Insper", "organization_acceptance_note_firmada": "", "tn_id": 657564, "telefono": null, "acceptance_note_firmada": "", "genero": null, "fecha_fin_practica": null, "certificado_cuenta_bancaria": "", "confirmado": false, "memodeal_firmado": "", "fecha_expedicion_pasaporte": null, "user": 444, "grupo": "Pool 13", "estado": false, "pasaporte": "", "fecha_expiracion_pasaporte": null, "country": "", "eps": "", "fecha_inicio_practica": null, "num_pasaporte": null, "organization_acceptance_note": ""}, "model": "fileManager.trainee", "pk": 672599}, {"fields": {"memodeal": "", "empresa": 1, "code": "HPKGN0UVDP3B95FX", "carta_mercosur": "", "photo": "", "curriculum_vitae": "SABMiller/673494/cv_Estevan Kazuo Hara.docx", "full_name": "Estevan Kazuo Hara", "otros": "", "acceptance_note": "", "arl": "", "seguro_internacional": "", "documentos_hechos": false, "fecha_creacion": "2015-10-01", "ep_id": 673494, "lc_host": "RIO DE JANEIRO", "organization_acceptance_note_firmada": "", "tn_id": 657564, "telefono": null, "acceptance_note_firmada": "", "genero": null, "fecha_fin_practica": null, "certificado_cuenta_bancaria": "", "confirmado": false, "memodeal_firmado": "", "fecha_expedicion_pasaporte": null, "user": 429, "grupo": "Pool 13", "estado": false, "pasaporte": "", "fecha_expiracion_pasaporte": null, "country": "", "eps": "", "fecha_inicio_practica": null, "num_pasaporte": null, "organization_acceptance_note": ""}, "model": "fileManager.trainee", "pk": 673494}, {"fields": {"memodeal": "", "empresa": 1, "code": "WXC0SFB3O0S9COO6", "carta_mercosur": "", "photo": "", "curriculum_vitae": "SABMiller/675320/cv_Geler Nayib Amaya.pdf", "full_name": "Geler Nayib Amaya", "otros": "", "acceptance_note": "", "arl": "", "seguro_internacional": "", "documentos_hechos": false, "fecha_creacion": "2015-10-07", "ep_id": 675320, "lc_host": "BARQUISIMETO", "organization_acceptance_note_firmada": "", "tn_id": 657564, "telefono": null, "acceptance_note_firmada": "", "genero": null, "fecha_fin_practica": null, "certificado_cuenta_bancaria": "", "confirmado": false, "memodeal_firmado": "", "fecha_expedicion_pasaporte": null, "user": 452, "grupo": "Pool 14", "estado": false, "pasaporte": "", "fecha_expiracion_pasaporte": null, "country": "", "eps": "", "fecha_inicio_practica": null, "num_pasaporte": null, "organization_acceptance_note": ""}, "model": "fileManager.trainee", "pk": 675320}, {"fields": {"memodeal": "", "empresa": 1, "code": "EY7NRKSESV2WWNKH", "carta_mercosur": "", "photo": "", "curriculum_vitae": "SABMiller/677151/cv_gabriel tokunaga_5962IY9.pdf", "full_name": "gabriel tokunaga", "otros": "", "acceptance_note": "", "arl": "", "seguro_internacional": "", "documentos_hechos": false, "fecha_creacion": "2015-10-01", "ep_id": 677151, "lc_host": "Insper", "organization_acceptance_note_firmada": "", "tn_id": 657564, "telefono": null, "acceptance_note_firmada": "", "genero": null, "fecha_fin_practica": null, "certificado_cuenta_bancaria": "", "confirmado": false, "memodeal_firmado": "", "fecha_expedicion_pasaporte": null, "user": 431, "grupo": "Pool 13", "estado": false, "pasaporte": "", "fecha_expiracion_pasaporte": null, "country": "", "eps": "", "fecha_inicio_practica": null, "num_pasaporte": null, "organization_acceptance_note": ""}, "model": "fileManager.trainee", "pk": 677151}, {"fields": {"memodeal": "", "empresa": 1, "code": "BWZPHY9CU36A2JA6", "carta_mercosur": "", "photo": "", "curriculum_vitae": "SABMiller/683375/cv_Angie Carolina Prez Basurto_ohID5d7.pdf", "full_name": "Angie Carolina P\u00e9rez Basurto", "otros": "", "acceptance_note": "", "arl": "", "seguro_internacional": "", "documentos_hechos": false, "fecha_creacion": "2015-10-01", "ep_id": 683375, "lc_host": "UNIVERSIDAD CATOLICA - PERU", "organization_acceptance_note_firmada": "", "tn_id": 657564, "telefono": null, "acceptance_note_firmada": "", "genero": null, "fecha_fin_practica": null, "certificado_cuenta_bancaria": "", "confirmado": false, "memodeal_firmado": "", "fecha_expedicion_pasaporte": null, "user": 439, "grupo": "Pool 13", "estado": null, "pasaporte": "", "fecha_expiracion_pasaporte": null, "country": "", "eps": "", "fecha_inicio_practica": null, "num_pasaporte": null, "organization_acceptance_note": ""}, "model": "fileManager.trainee", "pk": 683375}, {"fields": {"memodeal": "", "empresa": 1, "code": "8FP96NIWUFUSN345", "carta_mercosur": "", "photo": "", "curriculum_vitae": "SABMiller/685358/cv_Mara Celeste Surez _Wjq8KnU.pdf", "full_name": "Mar\u00eda Celeste Su\u00e1rez ", "otros": "", "acceptance_note": "", "arl": "", "seguro_internacional": "", "documentos_hechos": false, "fecha_creacion": "2015-10-01", "ep_id": 685358, "lc_host": "Guayana", "organization_acceptance_note_firmada": "", "tn_id": 657564, "telefono": null, "acceptance_note_firmada": "", "genero": null, "fecha_fin_practica": null, "certificado_cuenta_bancaria": "", "confirmado": false, "memodeal_firmado": "", "fecha_expedicion_pasaporte": null, "user": 436, "grupo": "Pool 13", "estado": false, "pasaporte": "", "fecha_expiracion_pasaporte": null, "country": "", "eps": "", "fecha_inicio_practica": null, "num_pasaporte": null, "organization_acceptance_note": ""}, "model": "fileManager.trainee", "pk": 685358}, {"fields": {"memodeal": "", "empresa": 1, "code": "RCEXF9QCFFXHVFVD", "carta_mercosur": "", "photo": "", "curriculum_vitae": "SABMiller/689730/cv_Giovanni Milanesi_ymj0Yta.pdf", "full_name": "Giovanni Milanesi", "otros": "", "acceptance_note": "", "arl": "", "seguro_internacional": "", "documentos_hechos": false, "fecha_creacion": "2015-10-01", "ep_id": 689730, "lc_host": "PAVIA", "organization_acceptance_note_firmada": "", "tn_id": 657564, "telefono": null, "acceptance_note_firmada": "", "genero": null, "fecha_fin_practica": null, "certificado_cuenta_bancaria": "", "confirmado": false, "memodeal_firmado": "", "fecha_expedicion_pasaporte": null, "user": 437, "grupo": "Pool 13", "estado": false, "pasaporte": "", "fecha_expiracion_pasaporte": null, "country": "", "eps": "", "fecha_inicio_practica": null, "num_pasaporte": null, "organization_acceptance_note": ""}, "model": "fileManager.trainee", "pk": 689730}, {"fields": {"memodeal": "", "empresa": 1, "code": "IVG4ZHT0ZMTKL00P", "carta_mercosur": "", "photo": "", "curriculum_vitae": "SABMiller/693310/cv_Joo Paulo Teixeira Arneitz.docx", "full_name": "Jo\u00e3o Paulo Teixeira Arneitz", "otros": "", "acceptance_note": "", "arl": "", "seguro_internacional": "", "documentos_hechos": false, "fecha_creacion": "2015-10-01", "ep_id": 693310, "lc_host": "BELO HORIZONTE", "organization_acceptance_note_firmada": "", "tn_id": 657564, "telefono": null, "acceptance_note_firmada": "", "genero": null, "fecha_fin_practica": null, "certificado_cuenta_bancaria": "", "confirmado": false, "memodeal_firmado": "", "fecha_expedicion_pasaporte": null, "user": 433, "grupo": "Pool 13", "estado": null, "pasaporte": "", "fecha_expiracion_pasaporte": null, "country": "", "eps": "", "fecha_inicio_practica": null, "num_pasaporte": null, "organization_acceptance_note": ""}, "model": "fileManager.trainee", "pk": 693310}, {"fields": {"memodeal": "", "empresa": 1, "code": "48K6NWXO1FMCZVBU", "carta_mercosur": "", "photo": "", "curriculum_vitae": "SABMiller/702524/cv_Carla Alejandra Ortega Gutierrez.doc", "full_name": "Carla Alejandra Ortega Gutierrez", "otros": "", "acceptance_note": "", "arl": "", "seguro_internacional": "", "documentos_hechos": false, "fecha_creacion": "2015-10-07", "ep_id": 702524, "lc_host": "UNIVERSIDAD CATOLICA - PERU", "organization_acceptance_note_firmada": "", "tn_id": 657564, "telefono": null, "acceptance_note_firmada": "", "genero": null, "fecha_fin_practica": null, "certificado_cuenta_bancaria": "", "confirmado": false, "memodeal_firmado": "", "fecha_expedicion_pasaporte": null, "user": 450, "grupo": "Pool 14", "estado": false, "pasaporte": "", "fecha_expiracion_pasaporte": null, "country": "", "eps": "", "fecha_inicio_practica": null, "num_pasaporte": null, "organization_acceptance_note": ""}, "model": "fileManager.trainee", "pk": 702524}, {"fields": {"memodeal": "", "empresa": 1, "code": "CQ3N92M2Z5QDM41G", "carta_mercosur": "", "photo": "", "curriculum_vitae": "SABMiller/706686/cv_DENISSE DE LA ROSA.pdf", "full_name": "DENISSE DE LA ROSA", "otros": "", "acceptance_note": "", "arl": "", "seguro_internacional": "", "documentos_hechos": false, "fecha_creacion": "2015-10-07", "ep_id": 706686, "lc_host": "Guanajuato", "organization_acceptance_note_firmada": "", "tn_id": 657564, "telefono": null, "acceptance_note_firmada": "", "genero": null, "fecha_fin_practica": null, "certificado_cuenta_bancaria": "", "confirmado": false, "memodeal_firmado": "", "fecha_expedicion_pasaporte": null, "user": 453, "grupo": "Pool 14", "estado": null, "pasaporte": "", "fecha_expiracion_pasaporte": null, "country": "", "eps": "", "fecha_inicio_practica": null, "num_pasaporte": null, "organization_acceptance_note": ""}, "model": "fileManager.trainee", "pk": 706686}, {"fields": {"memodeal": "", "empresa": 1, "code": "21M82HFAZMDZ9Y15", "carta_mercosur": "", "photo": "", "curriculum_vitae": "SABMiller/711447/cv_Sebastin Di Giuseppe.pdf", "full_name": "Sebasti\u00e1n Di Giuseppe", "otros": "", "acceptance_note": "", "arl": "", "seguro_internacional": "", "documentos_hechos": false, "fecha_creacion": "2015-10-14", "ep_id": 711447, "lc_host": "Rosario (Arg)", "organization_acceptance_note_firmada": "", "tn_id": 657564, "telefono": null, "acceptance_note_firmada": "", "genero": null, "fecha_fin_practica": null, "certificado_cuenta_bancaria": "", "confirmado": false, "memodeal_firmado": "", "fecha_expedicion_pasaporte": null, "user": 460, "grupo": "Pool 15", "estado": null, "pasaporte": "", "fecha_expiracion_pasaporte": null, "country": "", "eps": "", "fecha_inicio_practica": null, "num_pasaporte": null, "organization_acceptance_note": ""}, "model": "fileManager.trainee", "pk": 711447}, {"fields": {"memodeal": "", "empresa": 1, "code": "AH3DKX1ATOGXA0I6", "carta_mercosur": "", "photo": "", "curriculum_vitae": "SABMiller/712074/cv_Katarzyna Krzepilko.pdf", "full_name": "Katarzyna Krzepilko", "otros": "", "acceptance_note": "", "arl": "", "seguro_internacional": "", "documentos_hechos": false, "fecha_creacion": "2015-10-14", "ep_id": 712074, "lc_host": "LUBLIN UMCS", "organization_acceptance_note_firmada": "", "tn_id": 657564, "telefono": null, "acceptance_note_firmada": "", "genero": null, "fecha_fin_practica": null, "certificado_cuenta_bancaria": "", "confirmado": false, "memodeal_firmado": "", "fecha_expedicion_pasaporte": null, "user": 463, "grupo": "Pool 15", "estado": false, "pasaporte": "", "fecha_expiracion_pasaporte": null, "country": "", "eps": "", "fecha_inicio_practica": null, "num_pasaporte": null, "organization_acceptance_note": ""}, "model": "fileManager.trainee", "pk": 712074}, {"fields": {"memodeal": "", "empresa": 1, "code": "HAG657WGSILMJFML", "carta_mercosur": "", "photo": "", "curriculum_vitae": "SABMiller/719261/cv_Leandro  Andres Lenge.pdf", "full_name": "Leandro  Andres Lenge", "otros": "", "acceptance_note": "", "arl": "", "seguro_internacional": "", "documentos_hechos": false, "fecha_creacion": "2015-10-14", "ep_id": 719261, "lc_host": "Buenos Aires USAL", "organization_acceptance_note_firmada": "", "tn_id": 657564, "telefono": null, "acceptance_note_firmada": "", "genero": null, "fecha_fin_practica": null, "certificado_cuenta_bancaria": "", "confirmado": false, "memodeal_firmado": "", "fecha_expedicion_pasaporte": null, "user": 457, "grupo": "Pool 15", "estado": null, "pasaporte": "", "fecha_expiracion_pasaporte": null, "country": "", "eps": "", "fecha_inicio_practica": null, "num_pasaporte": null, "organization_acceptance_note": ""}, "model": "fileManager.trainee", "pk": 719261}, {"fields": {"memodeal": "", "empresa": 1, "code": "P3T3Q34TI4J99Y7H", "carta_mercosur": "", "photo": "", "curriculum_vitae": "SABMiller/723621/cv_Martin Chavez.com/open?id=0B-Nv8Y6fYe61R0ExQjZKbmM4dEk", "full_name": "Martin Chavez", "otros": "", "acceptance_note": "", "arl": "", "seguro_internacional": "", "documentos_hechos": false, "fecha_creacion": "2015-10-14", "ep_id": 723621, "lc_host": "Sinaloa", "organization_acceptance_note_firmada": "", "tn_id": 657564, "telefono": null, "acceptance_note_firmada": "", "genero": null, "fecha_fin_practica": null, "certificado_cuenta_bancaria": "", "confirmado": false, "memodeal_firmado": "", "fecha_expedicion_pasaporte": null, "user": 466, "grupo": "Pool 15", "estado": null, "pasaporte": "", "fecha_expiracion_pasaporte": null, "country": "", "eps": "", "fecha_inicio_practica": null, "num_pasaporte": null, "organization_acceptance_note": ""}, "model": "fileManager.trainee", "pk": 723621}]